Workbook

Sheet Ответы на форму (1)
A1: Отметка времени | B1: В какую возрастную категорию вы входите? | C1: Какого вы пола? | D1: Из какого вы города? | E1: Есть ли у вас дети? | F1: Как часто вы питаетесь стритфудом? | G1: Какой стритфуд вы предпочитаете больше всего? | H1: Пиццу какого бренда вы предпочитаете? | I1: В какое время вы обычно ходите в заведения стрифуда? | J1: Как вы оцениваете вкус и качество продукции Додо Пиццы | K1: Как вы оцениваете качество доставки ДодоПиццы | L1: Как вы оцениваете цены на продукцию ДодоПиццы? | M1: Как вы оцениваете качество обслуживания клиентов ДодоПиццы в целом? | N1: Как вы оцениваете удобство сайта или приложения для оформления заказа? | O1: Как вы оцениваете программу лояльности ДодоПиццы? | P1: Как часто вы заказываете пиццу в ДодоПицце? | Q1: С какой вероятностью вы бы порекомендовали ДодоПиццу знакомым и родственникам? | R1: Какой ваш ежемесячный доход? | S1: Какую долю ваших ежемесячных расходов составляет посещение кафе и ресторанов?
A2: 45556.921 | B2: <18 лет | C2: Мужчина | D2: Казань | E2: Нет | F2: Часто (раз в неделю) | G2: Пицца | H2: ДодоПицца | I2: Днем (с 12:00 до 18:00) | J2: 4 | K2: 5 | L2: 3 | M2: 5 | N2: 5 | O2: 5 | P2: 3 | Q2: 5 | R2: <50 тыс. | S2: 10 - 20
A3: 45556.939 | B3: 18 - 25 лет | C3: Мужчина | D3: Королёв | E3: Нет | F3: Часто (раз в неделю) | G3: Всё, по настроению | H3: ДодоПицца | I3: Вечером (с 18:00 до 24:00) | J3: 4 | K3: 5 | L3: 4 | M3: 5 | N3: 5 | O3: 4 | P3: 3 | Q3: 4 | R3: <50 тыс. | S3: 10 - 20 %
A4: 45557.905 | B4: 18 - 25 лет | C4: Женщина | D4: Москва | E4: Нет | F4: Часто (раз в неделю) | G4: Бургеры | H4: Папа Джонс | I4: Днем (с 12:00 до 18:00) | J4: 3 | K4: 3 | L4: 4 | M4: 4 | N4: 4 | O4: 4 | P4: 2 | Q4: 2 | R4: <50 тыс. | S4: 20 - 30 %
A5: 45557.906 | B5: 18 - 25 лет | C5: Женщина | D5: Киров | E5: Нет | F5: Иногда (раз в пару недель) | G5: Роллы | H5: ДодоПицца | I5: Вечером (с 18:00 до 24:00) | J5: 5 | K5: 5 | L5: 4 | M5: 5 | N5: 5 | O5: 3 | P5: 2 | Q5: 5 | R5: <50 тыс. | S5: Менее 5%
A6: 45557.906 | B6: 18 - 25 лет | C6: Мужчина | D6: Санкт-Петербург | E6: Нет | F6: Иногда (раз в пару недель) | G6: Все, кроме хот-догов | H6: ДодоПицца | I6: Днем (с 12:00 до 18:00) | J6: 4 | L6: 3 | M6: 5 | N6: 5 | O6: 5 | P6: 3 | Q6: 4 | R6: <50 тыс. | S6: 10 - 20 %
A7: 45557.906 | B7: 18 - 25 лет | C7: Мужчина | D7: Санкт-Петербург | E7: Нет | F7: Часто (раз в неделю) | G7: Шаверма | H7: ДодоПицца | I7: Вечером (с 18:00 до 24:00) | J7: 5 | K7: 5 | L7: 3 | M7: 5 | N7: 5 | O7: 3 | P7: 5 | Q7: 5 | R7: <50 тыс. | S7: 5 - 10 %
A8: 45557.907 | B8: 18 - 25 лет | C8: Мужчина | D8: Москва | E8: Нет | F8: Иногда (раз в пару недель) | G8: Бургеры | H8: ДодоПицца | I8: Вечером (с 18:00 до 24:00) | J8: 4 | K8: 3 | L8: 4 | M8: 5 | N8: 5 | O8: 4 | P8: 3 | Q8: 4 | R8: <50 тыс. | S8: 10 - 20 %
A9: 45557.908 | B9: 18 - 25 лет | C9: Женщина | D9: Иннополис | E9: Нет | F9: Иногда (раз в пару недель) | G9: Пицца | H9: ДодоПицца | I9: Вечером (с 18:00 до 24:00) | J9: 4 | K9: 5 | L9: 2 | M9: 4 | N9: 5 | O9: 4 | P9: 3 | Q9: 4 | R9: <50 тыс. | S9: 5 - 10 %
A10: 45557.91 | B10: 18 - 25 лет | C10: Женщина | D10: Казань | E10: Нет | F10: Иногда (раз в пару недель) | G10: Бургеры | H10: ДодоПицца | I10: Вечером (с 18:00 до 24:00) | J10: 4 | K10: 3 | L10: 4 | M10: 4 | N10: 5 | O10: 4 | P10: 3 | Q10: 3 | R10: <50 тыс. | S10: 5 - 10 %
A11: 45557.912 | B11: <18 лет | C11: Мужчина | D11: Казань | E11: Нет | F11: Иногда (раз в пару недель) | G11: Бургеры | H11: ДодоПицца | I11: Днем (с 12:00 до 18:00) | J11: 4 | K11: 4 | L11: 2 | M11: 5 | N11: 5 | O11: 5 | P11: 5 | Q11: 3 | R11: 50 тыс. - 100 тыс. | S11: 10 - 20 %
A12: 45557.912 | B12: 18 - 25 лет | C12: Мужчина | D12: Москвп | E12: Нет | F12: Часто (раз в неделю) | G12: Роллы | H12: ДодоПицца | I12: Вечером (с 18:00 до 24:00) | J12: 5 | K12: 5 | L12: 5 | M12: 3 | N12: 4 | O12: 4 | P12: 5 | Q12: 4 | R12: <50 тыс. | S12: 5 - 10 %
A13: 45557.912 | B13: 18 - 25 лет | C13: Женщина | D13: Москва | E13: Нет | F13: Иногда (раз в пару недель) | G13: Бургеры | H13: ДодоПицца | I13: Днем (с 12:00 до 18:00) | J13: 4 | K13: 5 | L13: 4 | M13: 5 | N13: 5 | O13: 5 | P13: 4 | Q13: 5 | R13: <50 тыс. | S13: Менее 5%
A14: 45557.913 | B14: 18 - 25 лет | C14: Мужчина | D14: Елабуга | E14: Нет | F14: Иногда (раз в пару недель) | G14: Шаурма | H14: ДодоПицца | I14: Днем (с 12:00 до 18:00) | J14: 4 | K14: 4 | L14: 4 | M14: 4 | N14: 3 | O14: 4 | P14: 3 | Q14: 5 | R14: <50 тыс. | S14: 5 - 10 %
A15: 45557.914 | B15: 18 - 25 лет | C15: Женщина | D15: Зеленодольск | E15: Нет | F15: Очень редко (раз в несколько месяцев) | G15: Шаурма | H15: ДодоПицца | I15: Днем (с 12:00 до 18:00) | J15: 4 | K15: 4 | L15: 4 | M15: 5 | N15: 5 | O15: 4 | P15: 3 | Q15: 4 | R15: <50 тыс. | S15: 5 - 10 %
A16: 45557.915 | B16: 18 - 25 лет | C16: Мужчина | D16: Волгодонск | E16: Нет | F16: Часто (раз в неделю) | G16: Пицца | H16: ДодоПицца | I16: Вечером (с 18:00 до 24:00) | J16: 5 | K16: 5 | L16: 4 | M16: 5 | N16: 5 | O16: 5 | P16: 4 | Q16: 5 | R16: <50 тыс. | S16: 10 - 20 %
A17: 45557.918 | B17: <18 лет | C17: Мужчина | D17: Королёв | E17: Нет | F17: Иногда (раз в пару недель) | G17: Пицца | H17: это всё не пиццы, сходите в PiuPiu или Сладкую Италию (второе в Королёве) | I17: Вечером (с 18:00 до 24:00) | J17: 3 | K17: 4 | L17: 4 | M17: 5 | N17: 5 | O17: 5 | P17: 2 | Q17: 3 | R17: 100 - 250 тыс. | S17: 20 - 30 %
A18: 45557.919 | B18: <18 лет | C18: Мужчина | D18: Казань | E18: Нет | F18: Иногда (раз в пару недель) | G18: Шаурма | H18: ДодоПицца | I18: Днем (с 12:00 до 18:00) | J18: 4 | K18: 3 | L18: 3 | M18: 3 | N18: 4 | O18: 4 | P18: 2 | Q18: 4 | R18: <50 тыс. | S18: 10 - 20 %
A19: 45557.919 | B19: 18 - 25 лет | C19: Женщина | D19: Москва | E19: Нет | F19: Иногда (раз в пару недель) | G19: Бургеры | H19: Domino's Pizza | I19: Вечером (с 18:00 до 24:00) | J19: 4 | K19: 5 | L19: 3 | M19: 4 | N19: 2 | O19: 4 | P19: 2 | Q19: 3 | R19: <50 тыс. | S19: 5 - 10 %
A20: 45557.92 | B20: <18 лет | C20: Женщина | D20: Москва | E20: Нет | F20: Очень редко (раз в несколько месяцев) | G20: Роллы | H20: IL Патио | I20: Вечером (с 18:00 до 24:00) | J20: 3 | K20: 3 | L20: 4 | M20: 4 | N20: 5 | P20: 2 | Q20: 2 | R20: <50 тыс. | S20: 5 - 10 %
A21: 45557.921 | B21: <18 лет | C21: Женщина | D21: Казань | E21: Нет | F21: Иногда (раз в пару недель) | G21: Бургеры | H21: ДодоПицца | I21: Вечером (с 18:00 до 24:00) | J21: 4 | L21: 1 | M21: 4 | N21: 5 | O21: 2 | P21: 1 | Q21: 4 | R21: <50 тыс. | S21: 5 - 10 %
A22: 45557.922 | B22: <18 лет | C22: Женщина | D22: Казань | E22: Нет | F22: Очень редко (раз в несколько месяцев) | G22: Пицца | H22: ДодоПицца | I22: Вечером (с 18:00 до 24:00) | J22: 5 | K22: 5 | L22: 4 | M22: 5 | N22: 5 | O22: 5 | P22: 3 | Q22: 5 | R22: <50 тыс. | S22: 10 - 20 %
A23: 45557.925 | B23: <18 лет | C23: Женщина | D23: Спб | E23: Нет | F23: Иногда (раз в пару недель) | G23: Бургеры | H23: ДодоПицца | I23: Вечером (с 18:00 до 24:00) | J23: 5 | K23: 4 | L23: 3 | M23: 5 | N23: 5 | O23: 3 | P23: 2 | Q23: 3 | R23: <50 тыс. | S23: 5 - 10 %
A24: 45557.925 | B24: 18 - 25 лет | C24: Женщина | D24: Казанььььь | E24: Нет | F24: Иногда (раз в пару недель) | G24: Все | H24: ДодоПицца | I24: Днем (с 12:00 до 18:00) | J24: 4 | K24: 4 | L24: 4 | M24: 3 | N24: 4 | O24: 4 | P24: 3 | Q24: 4 | R24: <50 тыс. | S24: 20 - 30 %
A25: 45557.926 | B25: 18 - 25 лет | C25: Женщина | D25: Сочи | E25: Нет | F25: Иногда (раз в пару недель) | G25: Бургеры | H25: ДодоПицца | I25: Днем (с 12:00 до 18:00) | J25: 3 | K25: 4 | L25: 3 | M25: 4 | N25: 5 | O25: 5 | P25: 2 | Q25: 4 | R25: <50 тыс. | S25: 5 - 10 %
A26: 45557.927 | B26: 18 - 25 лет | C26: Мужчина | D26: АЛАБУГА | E26: Нет | F26: Часто (раз в неделю) | G26: Бургеры | H26: ДодоПицца | I26: Вечером (с 18:00 до 24:00) | J26: 5 | K26: 3 | L26: 1 | M26: 4 | N26: 5 | O26: 5 | P26: 3 | Q26: 5 | R26: <50 тыс. | S26: 10 - 20 %
A27: 45557.929 | B27: <18 лет | C27: Мужчина | D27: Елабуга | E27: Нет | F27: Иногда (раз в пару недель) | G27: Шаурма | H27: ДодоПицца | I27: Вечером (с 18:00 до 24:00) | J27: 5 | K27: 4 | L27: 3 | M27: 5 | N27: 5 | O27: 4 | P27: 3 | Q27: 4 | R27: <50 тыс. | S27: Менее 5%
A28: 45557.929 | B28: 18 - 25 лет | C28: Мужчина | D28: Москва | E28: Нет | F28: Часто (раз в неделю) | G28: Бургеры | H28: ДодоПицца | I28: Вечером (с 18:00 до 24:00) | J28: 4 | K28: 4 | L28: 4 | M28: 4 | N28: 5 | O28: 3 | P28: 3 | Q28: 4 | R28: 50 тыс. - 100 тыс. | S28: 5 - 10 %
A29: 45557.93 | B29: <18 лет | C29: Женщина | D29: Казань | E29: Нет | F29: Часто (раз в неделю) | G29: Хот-доги | H29: ДодоПицца | I29: Вечером (с 18:00 до 24:00) | J29: 5 | K29: 5 | L29: 5 | M29: 5 | N29: 5 | O29: 5 | P29: 5 | Q29: 5 | R29: <50 тыс. | S29: 10 - 20 %
A30: 45557.931 | B30: 18 - 25 лет | C30: Мужчина | D30: Королев | E30: Нет | F30: Иногда (раз в пару недель) | G30: Шаурма | H30: ДодоПицца | I30: Вечером (с 18:00 до 24:00) | J30: 4 | K30: 4 | L30: 3 | M30: 4 | N30: 4 | O30: 5 | P30: 3 | Q30: 4 | R30: <50 тыс. | S30: 10 - 20 %
A31: 45557.933 | B31: 18 - 25 лет | C31: Мужчина | D31: Москва | E31: Нет | F31: Иногда (раз в пару недель) | G31: Шаурма | H31: ДодоПицца | I31: Вечером (с 18:00 до 24:00) | J31: 4 | K31: 5 | L31: 4 | M31: 5 | N31: 5 | O31: 5 | P31: 2 | Q31: 3 | R31: <50 тыс. | S31: Менее 5%
A32: 45557.933 | B32: 18 - 25 лет | C32: Мужчина | D32: королев | E32: Нет | F32: Иногда (раз в пару недель) | G32: Шаурма | H32: Domino's Pizza | I32: Вечером (с 18:00 до 24:00) | J32: 5 | K32: 5 | L32: 5 | M32: 5 | N32: 5 | O32: 5 | P32: 3 | Q32: 5 | R32: <50 тыс. | S32: 10 - 20 %
A33: 45557.934 | E33: Да
A34: 45557.935 | B34: 18 - 25 лет | C34: Женщина | D34: Екатеринбург | E34: Нет | F34: Иногда (раз в пару недель) | G34: Пицца | H34: ДодоПицца | I34: Вечером (с 18:00 до 24:00) | J34: 4 | K34: 4 | L34: 5 | M34: 5 | N34: 4 | O34: 5 | P34: 3 | Q34: 5 | R34: <50 тыс. | S34: Менее 5%
A35: 45557.935 | B35: <18 лет | C35: Женщина | D35: Казань | E35: Нет | F35: Иногда (раз в пару недель) | G35: Роллы | H35: ДодоПицца | I35: Днем (с 12:00 до 18:00) | J35: 4 | K35: 5 | L35: 5 | M35: 3 | N35: 5 | O35: 2 | P35: 2 | Q35: 4 | R35: <50 тыс. | S35: Более 50 %
A36: 45557.936 | B36: 18 - 25 лет | C36: Мужчина | D36: Москва | E36: Нет | F36: Иногда (раз в пару недель) | G36: Шаурма | H36: ДодоПицца | I36: Вечером (с 18:00 до 24:00) | J36: 3 | K36: 5 | L36: 3 | M36: 4 | N36: 5 | O36: 3 | P36: 1 | Q36: 4 | R36: <50 тыс. | S36: 5 - 10 %
A37: 45557.938 | B37: 18 - 25 лет | C37: Мужчина | D37: Красногорск | E37: Нет | F37: Иногда (раз в пару недель) | G37: Бургеры | H37: ДодоПицца | I37: Днем (с 12:00 до 18:00) | J37: 5 | K37: 5 | L37: 4 | M37: 5 | N37: 4 | O37: 5 | P37: 4 | Q37: 4 | R37: <50 тыс. | S37: 10 - 20 %
A38: 45557.939 | B38: 18 - 25 лет | C38: Женщина | D38: Москва | E38: Нет | F38: Иногда (раз в пару недель) | G38: Бургеры | H38: Domino's Pizza | I38: Вечером (с 18:00 до 24:00) | J38: 4 | K38: 4 | L38: 4 | M38: 4 | N38: 4 | O38: 4 | P38: 1 | Q38: 4 | R38: <50 тыс. | S38: 20 - 30 %
A39: 45557.939 | B39: 18 - 25 лет | C39: Мужчина | D39: москва | E39: Нет | F39: Иногда (раз в пару недель) | G39: Бургеры | H39: ДодоПицца | I39: Днем (с 12:00 до 18:00) | J39: 4 | K39: 3 | L39: 4 | M39: 5 | N39: 4 | O39: 4 | P39: 3 | Q39: 4 | R39: <50 тыс. | S39: Более 50 %
A40: 45557.94 | B40: 18 - 25 лет | C40: Мужчина | D40: Киев | E40: Нет | F40: Очень редко (раз в несколько месяцев) | G40: Бургеры | H40: ДодоПицца | I40: Днем (с 12:00 до 18:00) | J40: 5 | K40: 5 | L40: 5 | M40: 5 | O40: 5 | P40: 5 | Q40: 5 | R40: 50 тыс. - 100 тыс. | S40: 30 - 50 %
A41: 45557.94 | B41: <18 лет | C41: Мужчина | D41: Москва | E41: Нет | F41: Иногда (раз в пару недель) | G41: Пицца | H41: ДодоПицца | I41: Днем (с 12:00 до 18:00) | J41: 4 | K41: 3 | L41: 3 | M41: 5 | N41: 1 | O41: 1 | P41: 4 | Q41: 3 | R41: 50 тыс. - 100 тыс. | S41: 5 - 10 %
A42: 45557.94 | B42: 18 - 25 лет | C42: Женщина | D42: Москва | E42: Нет | F42: Часто (раз в неделю) | G42: ВСЁЁЁ | H42: ДодоПицца | I42: Днем (с 12:00 до 18:00) | J42: 4 | K42: 3 | L42: 4 | M42: 4 | N42: 3 | O42: 1 | P42: 4 | Q42: 4 | R42: 50 тыс. - 100 тыс. | S42: 30 - 50 %
A43: 45557.94 | B43: 18 - 25 лет | C43: Женщина | D43: Мск | E43: Нет | F43: Очень редко (раз в несколько месяцев) | G43: Роллы | H43: Не предпочитаю | I43: Вечером (с 18:00 до 24:00) | J43: 2 | K43: 4 | L43: 2 | M43: 4 | N43: 3 | O43: 2 | P43: 1 | Q43: 1 | R43: 50 тыс. - 100 тыс. | S43: Менее 5%
A44: 45557.94 | B44: Больше 65 лет | C44: Женщина | D44: Нью-йорк, Украина | E44: Да | F44: Постоянно (каждый день) | G44: Хот-доги | H44: ДодоПицца | I44: Вечером (с 18:00 до 24:00) | J44: 5 | K44: 5 | L44: 5 | M44: 5 | N44: 5 | O44: 5 | P44: 5 | Q44: 5 | R44: >250 тыс. | S44: Более 50 %
A45: 45557.94 | B45: 18 - 25 лет | C45: Мужчина | D45: Москва | E45: Нет | F45: Иногда (раз в пару недель) | G45: Шаурма | H45: Pizza Hut | I45: Вечером (с 18:00 до 24:00) | J45: 4 | K45: 5 | L45: 3 | M45: 4 | N45: 5 | O45: 3 | P45: 5 | Q45: 4 | R45: <50 тыс. | S45: 10 - 20 %
A46: 45557.941 | B46: 18 - 25 лет | C46: Женщина | D46: Москва | E46: Нет | F46: Иногда (раз в пару недель) | G46: Пицца | H46: ДодоПицца | I46: Вечером (с 18:00 до 24:00) | J46: 4 | K46: 3 | L46: 2 | M46: 4 | N46: 5 | O46: 1 | P46: 5 | Q46: 5 | R46: <50 тыс. | S46: 5 - 10 %
A47: 45557.941 | B47: 18 - 25 лет | C47: Мужчина | D47: Москва | E47: Нет | F47: Часто (раз в неделю) | G47: Бургеры | H47: Pizza Hut | I47: Днем (с 12:00 до 18:00) | J47: 4 | K47: 4 | L47: 3 | M47: 4 | N47: 4 | O47: 3 | P47: 4 | Q47: 4 | R47: <50 тыс. | S47: Более 50 %
A48: 45557.942 | B48: 18 - 25 лет | C48: Мужчина | D48: Москва | E48: Нет | F48: Часто (раз в неделю) | G48: Роллы | H48: Роллы в какой-то забегаловке у офиса яндекса | I48: Днем (с 12:00 до 18:00) | J48: 5 | K48: 4 | L48: 5 | M48: 5 | N48: 5 | O48: 3 | P48: 3 | Q48: 3 | R48: 50 тыс. - 100 тыс. | S48: 10 - 20 %
A49: 45557.942 | B49: 18 - 25 лет | C49: Мужчина | D49: Москва | E49: Нет | F49: Иногда (раз в пару недель) | G49: Бургеры | H49: ДодоПицца | I49: Днем (с 12:00 до 18:00) | J49: 4 | K49: 4 | L49: 3 | M49: 5 | N49: 4 | O49: 4 | P49: 2 | Q49: 3 | R49: <50 тыс. | S49: 5 - 10 %
A50: 45557.942 | B50: 18 - 25 лет | C50: Мужчина | D50: Челябинск | E50: Да | F50: Постоянно (каждый день) | G50: Хот-доги | H50: Папа Джонс | I50: Вечером (с 18:00 до 24:00) | J50: 1 | K50: 2 | L50: 1 | M50: 4 | N50: 4 | O50: 2 | P50: 3 | Q50: 1 | R50: >250 тыс. | S50: 30 - 50 %
A51: 45557.942 | B51: 18 - 25 лет | C51: Женщина | D51: Королёв | E51: Нет | F51: Иногда (раз в пару недель) | G51: Шаурма | H51: Папа Джонс | I51: Днем (с 12:00 до 18:00) | J51: 4 | K51: 3 | L51: 2 | M51: 5 | N51: 3 | O51: 3 | P51: 2 | Q51: 4 | R51: <50 тыс. | S51: 10 - 20 %
A52: 45557.943 | B52: Больше 65 лет | C52: Женщина | D52: Холодной город Мурманск | E52: Да | F52: Постоянно (каждый день) | G52: Роллы | H52: IL Патио | I52: Утром (до 12:00) | J52: 3 | K52: 3 | L52: 3 | M52: 3 | N52: 2 | O52: 3 | P52: 3 | Q52: 3 | R52: >250 тыс. | S52: Более 50 %
... A73: 45557.952 | B73: <18 лет | C73: Мужчина | D73: Ивантеевка | E73: Нет | F73: Иногда (раз в пару недель) | G73: Пицца | H73: ДодоПицца | I73: Вечером (с 18:00 до 24:00) | J73: 4 | K73: 4 | L73: 4 | M73: 4 | N73: 4 | O73: 4 | P73: 4 | Q73: 4 | R73: <50 тыс. | S73: Менее 5%
A74: 45557.953 | B74: <18 лет | C74: Мужчина | D74: Москва | F74: Часто (раз в неделю) | G74: Шаурма | H74: Domino's Pizza | I74: Днем (с 12:00 до 18:00) | J74: 4 | K74: 4 | L74: 4 | M74: 3 | N74: 3 | O74: 3 | P74: 1 | Q74: 2
A75: 45557.954 | B75: 18 - 25 лет | C75: Мужчина | D75: Москва | E75: Нет | F75: Иногда (раз в пару недель) | G75: Бургеры | H75: Pizza Hut | I75: Днем (с 12:00 до 18:00) | J75: 3 | L75: 3 | M75: 5 | N75: 5 | O75: 3 | P75: 3 | Q75: 2 | R75: >250 тыс. | S75: Более 50 %
A76: 45557.954 | B76: <18 лет | C76: Женщина | D76: Электрогорск | E76: Нет | F76: Иногда (раз в пару недель) | G76: Бургеры | H76: Кабуки | I76: Вечером (с 18:00 до 24:00) | J76: 4 | L76: 3 | M76: 4 | P76: 1 | Q76: 3 | R76: <50 тыс.
A77: 45557.955 | B77: <18 лет | C77: Женщина | D77: москва | E77: Нет | F77: Часто (раз в неделю) | G77: Бургеры | H77: ДодоПицца | I77: Днем (с 12:00 до 18:00) | J77: 5 | K77: 5 | L77: 3 | M77: 4 | N77: 4 | O77: 5 | P77: 1 | R77: <50 тыс. | S77: 5 - 10 %
A78: 45557.956 | B78: 18 - 25 лет | C78: Мужчина | D78: Москва | E78: Нет | F78: Иногда (раз в пару недель) | G78: Шаурма | H78: IL Патио | I78: Днем (с 12:00 до 18:00) | J78: 3 | K78: 4 | L78: 3 | M78: 4 | N78: 5 | O78: 4 | P78: 2 | Q78: 4 | R78: <50 тыс. | S78: 10 - 20 %
A79: 45557.958 | B79: 18 - 25 лет | C79: Мужчина | D79: Челябинск | E79: Нет | F79: Очень редко (раз в несколько месяцев) | G79: Роллы | I79: Вечером (с 18:00 до 24:00) | P79: 1 | R79: <50 тыс. | S79: 5 - 10 %
A80: 45557.96 | B80: 18 - 25 лет | C80: Мужчина | D80: Москва | E80: Нет | F80: Иногда (раз в пару недель) | G80: Бургеры | H80: ДодоПицца | I80: Вечером (с 18:00 до 24:00) | J80: 4 | K80: 2 | L80: 2 | M80: 4 | N80: 5 | O80: 3 | P80: 4 | Q80: 4 | R80: 50 тыс. - 100 тыс. | S80: 5 - 10 %
A81: 45557.96 | B81: <18 лет | C81: Женщина | D81: Казань | E81: Нет | F81: Иногда (раз в пару недель) | G81: Роллы | H81: ДодоПицца | I81: Вечером (с 18:00 до 24:00) | J81: 4 | K81: 4 | L81: 5 | M81: 4 | N81: 3 | O81: 5 | P81: 3 | Q81: 5 | R81: <50 тыс. | S81: 10 - 20 %
A82: 45557.962 | B82: 18 - 25 лет | C82: Мужчина | D82: Королев | E82: Нет | F82: Часто (раз в неделю) | G82: Шаурма | H82: ДодоПицца | I82: Вечером (с 18:00 до 24:00) | J82: 4 | K82: 5 | L82: 4 | M82: 5 | N82: 5 | O82: 5 | P82: 5 | Q82: 5 | R82: <50 тыс. | S82: 20 - 30 %
A83: 45557.963 | B83: 18 - 25 лет | C83: Мужчина | D83: Казань | E83: Нет | F83: Часто (раз в неделю) | G83: Шаурма | H83: Особо без разницы | I83: Вечером (с 18:00 до 24:00) | J83: 4 | K83: 4 | L83: 4 | M83: 5 | N83: 4 | O83: 3 | P83: 1 | Q83: 4 | R83: 50 тыс. - 100 тыс. | S83: Менее 5%
A84: 45557.963 | B84: 18 - 25 лет | C84: Женщина | D84: Королев | E84: Нет | F84: Иногда (раз в пару недель) | G84: Роллы | H84: IL Патио | I84: Днем (с 12:00 до 18:00) | J84: 4 | K84: 5 | L84: 5 | M84: 4 | N84: 5 | O84: 5 | P84: 4 | Q84: 4 | R84: 50 тыс. - 100 тыс. | S84: Более 50 %
A85: 45557.967 | B85: 18 - 25 лет | C85: Мужчина | D85: Москва | E85: Нет | F85: Часто (раз в неделю) | G85: Бургеры | H85: ДодоПицца | I85: Днем (с 12:00 до 18:00) | J85: 4 | K85: 5 | L85: 5 | M85: 3 | N85: 3 | O85: 4 | P85: 5 | Q85: 4 | R85: <50 тыс. | S85: 5 - 10 %
A86: 45557.967 | B86: 18 - 25 лет | C86: Женщина | D86: Красноярск | E86: Нет | F86: Иногда (раз в пару недель) | G86: Роллы | H86: ДодоПицца | I86: Днем (с 12:00 до 18:00) | J86: 5 | K86: 4 | L86: 3 | M86: 4 | N86: 3 | O86: 3 | P86: 2 | Q86: 3 | R86: <50 тыс. | S86: Менее 5%
A87: 45557.968 | B87: <18 лет | C87: Мужчина | D87: Москва | E87: Нет | F87: Иногда (раз в пару недель) | G87: Бургеры | H87: ДодоПицца | I87: Днем (с 12:00 до 18:00) | J87: 4 | K87: 3 | L87: 4 | M87: 4 | N87: 5 | O87: 3 | P87: 3 | Q87: 4 | R87: <50 тыс. | S87: 5 - 10 %
A88: 45557.968 | B88: 18 - 25 лет | C88: Мужчина | D88: Югорск | E88: Нет | F88: Постоянно (каждый день) | G88: Бургеры | H88: Из столовки школьной | I88: Вечером (с 18:00 до 24:00) | J88: 3 | K88: 4 | L88: 3 | M88: 3 | N88: 4 | O88: 3 | P88: 1 | Q88: 1 | R88: <50 тыс. | S88: 10 - 20 %
A89: 45557.969 | B89: <18 лет | C89: Женщина | D89: Королев | E89: Нет | F89: Часто (раз в неделю) | G89: Пицца | H89: ДодоПицца | I89: Вечером (с 18:00 до 24:00) | J89: 5 | K89: 5 | L89: 5 | M89: 5 | N89: 5 | O89: 5 | P89: 5 | Q89: 5 | R89: <50 тыс. | S89: 10 - 20 %
A90: 45557.971 | B90: 18 - 25 лет | C90: Мужчина | D90: Москва | E90: Нет | F90: Очень редко (раз в несколько месяцев) | G90: Пицца | H90: ДодоПицца | I90: Вечером (с 18:00 до 24:00) | J90: 4 | K90: 4 | L90: 3 | M90: 4 | N90: 4 | O90: 3 | P90: 2 | Q90: 4 | R90: <50 тыс. | S90: 10 - 20 %
A91: 45557.976 | B91: 18 - 25 лет | C91: Мужчина | D91: Королев | E91: Нет | F91: Часто (раз в неделю) | G91: Роллы | H91: ДодоПицца | I91: Вечером (с 18:00 до 24:00) | J91: 5 | K91: 5 | L91: 3 | M91: 5 | N91: 4 | O91: 4 | P91: 2 | Q91: 5 | R91: <50 тыс. | S91: 10 - 20 %
... A95: 45557.984 | B95: 18 - 25 лет | C95: Мужчина | D95: Москва | E95: Нет | F95: Часто (раз в неделю) | G95: Бургеры | H95: ДодоПицца | I95: Вечером (с 18:00 до 24:00) | J95: 4 | K95: 5 | L95: 4 | M95: 5 | N95: 5 | O95: 3 | P95: 3 | Q95: 4 | R95: 50 тыс. - 100 тыс. | S95: Менее 5%
A96: 45557.986 | B96: <18 лет | C96: Мужчина | D96: Хабаровск | E96: Нет | F96: Часто (раз в неделю) | G96: Пицца | H96: ДодоПицца | I96: Днем (с 12:00 до 18:00) | J96: 5 | L96: 4 | M96: 4 | N96: 5 | O96: 5 | P96: 5 | Q96: 5 | R96: <50 тыс. | S96: 5 - 10 %
A97: 45557.992 | B97: 18 - 25 лет | C97: Мужчина | D97: Королёв | E97: Нет | F97: Часто (раз в неделю) | G97: Всё и побольше | H97: ДодоПицца | I97: Вечером (с 18:00 до 24:00) | J97: 5 | K97: 4 | L97: 4 | M97: 4 | N97: 4 | O97: 5 | P97: 4 | Q97: 5 | R97: <50 тыс. | S97: 20 - 30 %
A98: 45557.995 | B98: 18 - 25 лет | C98: Женщина | D98: Москва | E98: Нет | F98: Часто (раз в неделю) | G98: Роллы | H98: ДодоПицца | I98: Вечером (с 18:00 до 24:00) | J98: 4 | K98: 5 | L98: 4 | M98: 4 | N98: 5 | O98: 3 | P98: 3 | Q98: 3 | R98: <50 тыс. | S98: 30 - 50 %
A99: 45557.995 | B99: 18 - 25 лет | C99: Женщина | D99: Москва | E99: Нет | F99: Иногда (раз в пару недель) | G99: Пицца | H99: Папа Джонс | I99: Днем (с 12:00 до 18:00) | J99: 4 | K99: 4 | L99: 4 | M99: 4 | N99: 4 | O99: 4 | P99: 4 | Q99: 4 | R99: <50 тыс. | S99: 30 - 50 %
A100: 45558.011 | B100: Больше 65 лет | C100: Женщина | D100: жопа | E100: Да | F100: Постоянно (каждый день) | G100: говно | H100: писюны | I100: Вечером (с 18:00 до 24:00) | J100: 1 | K100: 1 | L100: 1 | M100: 1 | N100: 1 | O100: 1 | P100: 1 | Q100: 1 | R100: >250 тыс. | S100: Менее 5%
A101: 45558.019 | B101: 18 - 25 лет | C101: Женщина | D101: Москва | E101: Нет | F101: Иногда (раз в пару недель) | G101: Роллы | H101: ДодоПицца | I101: Вечером (с 18:00 до 24:00) | J101: 5 | K101: 5 | L101: 3 | M101: 4 | N101: 5 | O101: 3 | P101: 3 | Q101: 4 | R101: <50 тыс. | S101: Менее 5%
A102: 45558.033 | B102: 18 - 25 лет | C102: Женщина | D102: Москва | E102: Нет | F102: Часто (раз в неделю) | G102: Картошка фри и наггетсы | H102: Папа Джонс | I102: Вечером (с 18:00 до 24:00) | J102: 3 | K102: 4 | L102: 5 | M102: 5 | N102: 4 | O102: 4 | P102: 2 | Q102: 4 | R102: <50 тыс. | S102: 30 - 50 %
A103: 45558.033 | B103: <18 лет | C103: Женщина | D103: Москва | E103: Нет | F103: Часто (раз в неделю) | G103: Все | H103: Любого | I103: Днем (с 12:00 до 18:00) | J103: 5 | K103: 4 | L103: 4 | M103: 5 | N103: 5 | O103: 5 | P103: 3 | Q103: 4 | R103: <50 тыс. | S103: 5 - 10 %
A104: 45558.04 | B104: 18 - 25 лет | C104: Женщина | D104: Москва | E104: Нет | F104: Очень редко (раз в несколько месяцев) | G104: Пицца | H104: Ту что вкусная и не дорого. В какой-нибудь забегаловки у дома. | I104: Днем (с 12:00 до 18:00) | J104: 4 | K104: 4 | L104: 3 | M104: 4 | N104: 4 | O104: 4 | P104: 1 | Q104: 3 | R104: <50 тыс. | S104: 5 - 10 %
A105: 45558.044 | B105: 18 - 25 лет | C105: Мужчина | D105: Москва | E105: Нет | F105: Часто (раз в неделю) | G105: Бургеры | H105: ДодоПицца | I105: Днем (с 12:00 до 18:00) | J105: 5 | K105: 5 | L105: 5 | M105: 5 | N105: 5 | O105: 5 | P105: 5 | Q105: 3 | R105: <50 тыс. | S105: 10 - 20 %
A106: 45558.051 | B106: 18 - 25 лет | C106: Женщина | D106: Королев | E106: Нет | F106: Иногда (раз в пару недель) | G106: Пицца | H106: ДодоПицца | I106: Вечером (с 18:00 до 24:00) | J106: 5 | K106: 5 | L106: 5 | M106: 5 | N106: 5 | O106: 5 | P106: 3 | Q106: 5 | R106: <50 тыс. | S106: 10 - 20 %
A107: 45558.167 | B107: 18 - 25 лет | C107: Мужчина | D107: Санкт-Петербург | E107: Нет | F107: Часто (раз в неделю) | G107: Бургеры | H107: ДодоПицца | I107: Вечером (с 18:00 до 24:00) | J107: 4 | K107: 5 | L107: 4 | M107: 5 | N107: 5 | O107: 5 | P107: 1 | Q107: 5 | R107: 50 тыс. - 100 тыс. | S107: 10 - 20 %
A108: 45558.207 | B108: 18 - 25 лет | C108: Мужчина | D108: Москва | E108: Нет | F108: Иногда (раз в пару недель) | G108: Роллы | H108: ДодоПицца | I108: Вечером (с 18:00 до 24:00) | J108: 4 | K108: 4 | L108: 4 | M108: 4 | N108: 4 | O108: 4 | P108: 2 | Q108: 3 | R108: 50 тыс. - 100 тыс. | S108: 5 - 10 %
A109: 45558.214 | B109: <18 лет | C109: Мужчина | D109: Казань | E109: Нет | F109: Иногда (раз в пару недель) | G109: Роллы | I109: Вечером (с 18:00 до 24:00) | J109: 3 | K109: 3 | L109: 2 | M109: 3 | N109: 3 | O109: 3 | P109: 1 | Q109: 3 | R109: <50 тыс. | S109: Менее 5%
A110: 45558.246 | B110: 18 - 25 лет | C110: Женщина | D110: Москва | E110: Нет | F110: Часто (раз в неделю) | G110: Пицца | H110: ДодоПицца | I110: Днем (с 12:00 до 18:00) | J110: 4 | K110: 4 | L110: 4 | M110: 5 | N110: 5 | O110: 3 | P110: 3 | Q110: 4 | R110: <50 тыс. | S110: 5 - 10 %
A111: 45558.266 | B111: 41 - 65 лет | C111: Женщина | D111: Казань | E111: Да | F111: Очень редко (раз в несколько месяцев) | G111: Шаурма | H111: ДодоПицца | I111: Днем (с 12:00 до 18:00) | J111: 5 | K111: 5 | L111: 5 | M111: 5 | N111: 5 | O111: 5 | P111: 5 | Q111: 5 | R111: 100 - 250 тыс. | S111: 5 - 10 %
A112: 45558.282 | B112: 18 - 25 лет | C112: Женщина | D112: Москва/Балашиха | F112: Иногда (раз в пару недель) | G112: Шаурма | H112: ДодоПицца | I112: Днем (с 12:00 до 18:00) | J112: 5 | K112: 4 | L112: 4 | M112: 5 | N112: 5 | O112: 4 | P112: 2 | Q112: 5 | R112: 50 тыс. - 100 тыс. | S112: 5 - 10 %
A113: 45558.288 | B113: 18 - 25 лет | C113: Женщина | D113: Москва | E113: Нет | F113: Очень редко (раз в несколько месяцев) | G113: Пицца | H113: ДодоПицца | I113: Днем (с 12:00 до 18:00) | J113: 4 | K113: 5 | L113: 3 | M113: 5 | N113: 5 | O113: 5 | P113: 1 | Q113: 5 | R113: <50 тыс. | S113: Менее 5%
A114: 45558.295 | B114: <18 лет | C114: Женщина | D114: Королев | E114: Нет | F114: Часто (раз в неделю) | G114: Роллы | H114: ДодоПицца | I114: Вечером (с 18:00 до 24:00) | J114: 4 | K114: 5 | L114: 4 | M114: 5 | N114: 5 | O114: 5 | P114: 3 | Q114: 5 | R114: <50 тыс. | S114: 10 - 20 %
A115: 45558.295 | B115: <18 лет | C115: Мужчина | D115: Казань | E115: Нет | F115: Очень редко (раз в несколько месяцев) | G115: Пицца | H115: SPAR | I115: Вечером (с 18:00 до 24:00) | J115: 4 | K115: 4 | L115: 3 | M115: 4 | N115: 3 | O115: 4 | P115: 1 | Q115: 3
A116: 45558.3 | B116: <18 лет | C116: Женщина | D116: Казань | E116: Нет | F116: Иногда (раз в пару недель) | G116: Бургеры | H116: ДодоПицца | I116: Вечером (с 18:00 до 24:00) | J116: 4 | K116: 4 | L116: 4 | M116: 5 | N116: 3 | O116: 4 | P116: 3 | Q116: 4 | R116: <50 тыс. | S116: Менее 5%
A117: 45558.302 | B117: 18 - 25 лет | C117: Мужчина | D117: Брянск | E117: Нет | F117: Иногда (раз в пару недель) | G117: Пицца | H117: ДодоПицца | I117: Днем (с 12:00 до 18:00) | J117: 4 | K117: 4 | L117: 3 | M117: 4 | N117: 5 | O117: 3 | P117: 2 | Q117: 3 | R117: <50 тыс. | S117: Менее 5%
A118: 45558.32 | B118: 18 - 25 лет | C118: Мужчина | D118: Казань | E118: Нет | F118: Часто (раз в неделю) | G118: Пицца | H118: ДодоПицца | I118: Днем (с 12:00 до 18:00) | J118: 4 | K118: 4 | L118: 5 | M118: 4 | N118: 5 | O118: 5 | P118: 4 | Q118: 4 | R118: <50 тыс. | S118: Менее 5%
A119: 45558.326 | B119: 18 - 25 лет | C119: Женщина | D119: Москва | E119: Нет | F119: Очень редко (раз в несколько месяцев) | G119: Бургеры | H119: ДодоПицца | I119: Вечером (с 18:00 до 24:00) | J119: 4 | K119: 2 | L119: 2 | M119: 4 | N119: 4 | O119: 1 | P119: 2 | Q119: 4 | R119: 50 тыс. - 100 тыс. | S119: 5 - 10 %
A120: 45558.336 | B120: 18 - 25 лет | C120: Женщина | D120: Курган/Москва | E120: Нет | F120: Очень редко (раз в несколько месяцев) | G120: Шаурма | H120: Пробовала только Додо, но не могу сказать, что предпочитаю её | I120: Днем (с 12:00 до 18:00) | J120: 4 | K120: 4 | L120: 2 | M120: 4 | N120: 3 | O120: 3 | P120: 1 | Q120: 2 | R120: <50 тыс. | S120: Менее 5%
A121: 45558.35 | B121: 18 - 25 лет | C121: Мужчина | D121: Москва | E121: Нет | F121: Часто (раз в неделю) | G121: Бургеры | H121: ДодоПицца | I121: Днем (с 12:00 до 18:00) | J121: 4 | K121: 5 | L121: 3 | M121: 4 | N121: 4 | O121: 4 | P121: 2 | Q121: 5 | R121: <50 тыс. | S121: 10 - 20 %
A122: 45558.365 | B122: 18 - 25 лет | C122: Женщина | D122: Москва | E122: Нет | F122: Очень редко (раз в несколько месяцев) | G122: Роллы | H122: ДодоПицца | I122: Вечером (с 18:00 до 24:00) | J122: 5 | K122: 5 | L122: 4 | M122: 5 | N122: 5 | O122: 1 | P122: 2 | Q122: 5 | R122: 50 тыс. - 100 тыс. | S122: 5 - 10 %
A123: 45558.368 | B123: <18 лет | C123: Женщина | D123: Москва | E123: Нет | F123: Иногда (раз в пару недель) | G123: Роллы | H123: ДодоПицца | I123: Днем (с 12:00 до 18:00) | J123: 4 | K123: 4 | L123: 3 | M123: 5 | N123: 4 | O123: 5 | P123: 2 | R123: <50 тыс. | S123: 20 - 30 % | U123: =COUNTIF(#REF!, "менее 5%")/124 -> 0
...

Sheet Подсчеты
A1: Процент мужчин | B1: =COUNTIF('Ответы на форму (1)'!C:C,"Мужчина")/COUNT('Ответы на форму (1)'!A:A) -> 0.51315789 | D1: Питаютс очень редко | E1: =COUNTIF('Ответы на форму (1)'!$F:$F,"Очень редко (раз в несколько месяцев)")/COUNT('Ответы на форму (1)'!A:A) -> 0.125 | G1: Предпочитают пиццу | H1: =COUNTIF('Ответы на форму (1)'!G:G, "Пицца") / COUNT('Ответы на форму (1)'!A:A) -> 0.23684211 | J1: Предпочитают пиццу Додо | K1: =COUNTIF('Ответы на форму (1)'!H:H, "ДодоПицца") / COUNT('Ответы на форму (1)'!A:A) -> 0.71710526 | M1: Средняя вероятность рекомендации | N1: =AVERAGE('Ответы на форму (1)'!Q:Q) -> 3.9178082
D2: Питаются иногда | E2: =COUNTIF('Ответы на форму (1)'!$F:$F,"Иногда (раз в пару недель)")/COUNT('Ответы на форму (1)'!A:A) -> 0.46710526
D3: Питаются чаще 1 раза в неделю | E3: =1-E1-E2 -> 0.40789474 | M3: Доход <50 тыс. | N3: =COUNTIF('Ответы на форму (1)'!R:R,"<50 тыс.")/COUNT('Ответы на форму (1)'!A:A) -> 0.80263158
M5: Доля в кошекльке
N6: =COUNTIF('Ответы на форму (1)'!S:S, "менее 5%")/COUNT('Ответы на форму (1)'!A:A) -> 0.19078947
N7: =COUNTIF('Ответы на форму (1)'!S:S, "5 - 10 %")/COUNT('Ответы на форму (1)'!A:A) -> 0.31578947
N8: =COUNTIF('Ответы на форму (1)'!S:S, "10 - 20 %")/COUNT('Ответы на форму (1)'!A:A) -> 0.23684211
N9: =COUNTIF('Ответы на форму (1)'!S:S, "20 - 30 %")/COUNT('Ответы на форму (1)'!A:A) -> 0.078947368
N10: =COUNTIF('Ответы на форму (1)'!S:S, "Более 50 %")/COUNT('Ответы на форму (1)'!A:A) -> 0.085526316
A11: Средяя оценка по показателям | N11: =COUNTIF('Ответы на форму (1)'!S:S, "30 - 50 %")/COUNT('Ответы на форму (1)'!A:A) -> 0.052631579
A12: Продукция | B12: Доставка | C12: Цены | D12: Обслуживание | E12: Удобство сайта | F12: Прог. лояльности | G12: Частота заказов
A13: =AVERAGE('Ответы на форму (1)'!J:J) -> 4.1 | B13: =AVERAGE('Ответы на форму (1)'!K:K) -> 4.1267606 | C13: =AVERAGE('Ответы на форму (1)'!L:L) -> 3.4933333 | D13: =AVERAGE('Ответы на форму (1)'!M:M) -> 4.3355705 | E13: =AVERAGE('Ответы на форму (1)'!N:N) -> 4.2708333 | F13: =AVERAGE('Ответы на форму (1)'!O:O) -> 3.7708333 | G13: =AVERAGE('Ответы на форму (1)'!P:P) -> 2.781457
M16: NPS
M17: Промоутеры | N17: =COUNTIF( 'Ответы на форму (1)'!Q:Q, "5") -> 48 | O17: =N17/COUNT('Ответы на форму (1)'!Q:Q) -> 0.32876712
M18: Детракторы | N18: =COUNTIF( 'Ответы на форму (1)'!Q:Q, "<4") -> 42 | O18: =N18/COUNT('Ответы на форму (1)'!Q:Q) -> 0.28767123
M19: NPS | N19: =(N17-N18)/COUNT('Ответы на форму (1)'!Q:Q) -> 0.04109589 | O19: =O17-O18 -> 0.04109589
